{"scope.version":"2","timeline.animationMode":"proMode","viewport.width":800,"viewport.height":600,"timeline.loopPreview":false,"library.panelWidth":226,"library.sortColumn":"name","library.sortDirection":"ascending","library.columnWidths":[100,100,100],"library.openDirectories":["/Users/Roy_Tsui/Documents/GWD_Group_Project /Adobe/assets/ARpage/About Adobe","/Users/Roy_Tsui/Documents/GWD_Group_Project /Adobe/assets/About Adobe","/Users/Roy_Tsui/Documents/GWD_Group_Project /Adobe/assets/Untitled","C:/Users/Roy_Tsui/Desktop/GWD_Group_Project/Adobe/assets/Dw","C:/Users/Roy_Tsui/Desktop/GWD_Group_Project/Adobe/assets/PS"],"library.GroupsPath":{},"library.downloadedAssets":{}}